run_id,model_id,split_method,fold_index,sample_fraction,sample_seed,seed,n_full_train,n_train_subsample,n_test,feature_family,descriptor_backend,feature_dim,rmse,mae,r2,pearson_r,spearman_r
scaffold_holdout_10pct_5_sample_efficiency_2604070040,abdallah_lgbm,scaffold_holdout_10pct_5,1,0.1,42,42,468,47,53,abdallah_descriptor_table,cdk_2_8_curated_subset,77,1.0556827879346082,0.8326495434221678,-0.15088308199763278,0.1991488852938769,0.38404927349716245
scaffold_holdout_10pct_5_sample_efficiency_2604070040,fpadmet_rf,scaffold_holdout_10pct_5,1,0.1,42,42,468,47,53,fpadmet_pubchem,skfp_pubchem_local,881,1.0477998154076582,0.8621053849056587,-0.13375955345670154,0.12845707861941946,0.0402581741518891
scaffold_holdout_10pct_5_sample_efficiency_2604070040,gate_lgbm,scaffold_holdout_10pct_5,1,0.1,42,42,468,47,53,gate_predicted_properties,gate_predicted_property_table,30,0.9957577643379291,0.8152436665956321,-0.023933441782942877,0.2024900989187742,0.028624763201563912
scaffold_holdout_10pct_5_sample_efficiency_2604070040,waters_fragment_linear,scaffold_holdout_10pct_5,1,0.1,42,42,468,47,53,waters_functional_groups,rdkit_smarts,10,1.2400770468920452,1.0397259360478361,-0.5880408231172702,0.06248431519207394,0.08864672052826318
scaffold_holdout_10pct_5_sample_efficiency_2604070040,zeng_svr_proxy,scaffold_holdout_10pct_5,1,0.1,42,42,468,47,53,zeng_proxy_descriptors,rdkit_paper_proxy,3,0.9119815705294502,0.7039363095416279,0.14111217080716254,0.47365196413699456,0.534955964057551
scaffold_holdout_10pct_5_sample_efficiency_2604070040,abdallah_lgbm,scaffold_holdout_10pct_5,1,0.2,42,42,468,94,53,abdallah_descriptor_table,cdk_2_8_curated_subset,86,0.9369328601631778,0.7741435778876151,0.09347190959950691,0.3166868533293247,0.1777293947317729
scaffold_holdout_10pct_5_sample_efficiency_2604070040,fpadmet_rf,scaffold_holdout_10pct_5,1,0.2,42,42,468,94,53,fpadmet_pubchem,skfp_pubchem_local,881,1.026229043601541,0.8692226150943336,-0.08755925256897434,0.12048834563215302,0.0668414775247297
scaffold_holdout_10pct_5_sample_efficiency_2604070040,gate_lgbm,scaffold_holdout_10pct_5,1,0.2,42,42,468,94,53,gate_predicted_properties,gate_predicted_property_table,30,0.8698257021193424,0.6962971336361932,0.2186802597529629,0.4960029703486093,0.5381048426467739
scaffold_holdout_10pct_5_sample_efficiency_2604070040,waters_fragment_linear,scaffold_holdout_10pct_5,1,0.2,42,42,468,94,53,waters_functional_groups,rdkit_smarts,10,1.2376958581204054,1.0263025050630823,-0.5819479848517806,0.09184235957993118,0.05088078890594831
scaffold_holdout_10pct_5_sample_efficiency_2604070040,zeng_svr_proxy,scaffold_holdout_10pct_5,1,0.2,42,42,468,94,53,zeng_proxy_descriptors,rdkit_paper_proxy,3,0.808039998404419,0.6363218667918006,0.3257358913502024,0.6421678064379055,0.6548706695665553
scaffold_holdout_10pct_5_sample_efficiency_2604070040,abdallah_lgbm,scaffold_holdout_10pct_5,1,0.4,42,42,468,188,53,abdallah_descriptor_table,cdk_2_8_curated_subset,95,1.1794696267523552,0.977437209725557,-0.43660656771786766,0.646756631675654,0.6498689590122891
scaffold_holdout_10pct_5_sample_efficiency_2604070040,fpadmet_rf,scaffold_holdout_10pct_5,1,0.4,42,42,468,188,53,fpadmet_pubchem,skfp_pubchem_local,881,1.2310758500108039,1.0415549908804929,-0.5650706534737286,0.261332923992004,0.22226707372435764
scaffold_holdout_10pct_5_sample_efficiency_2604070040,gate_lgbm,scaffold_holdout_10pct_5,1,0.4,42,42,468,188,53,gate_predicted_properties,gate_predicted_property_table,30,0.9514438650416889,0.7804158252374336,0.06517425433507784,0.5416619815807161,0.578352116857212
scaffold_holdout_10pct_5_sample_efficiency_2604070040,waters_fragment_linear,scaffold_holdout_10pct_5,1,0.4,42,42,468,188,53,waters_functional_groups,rdkit_smarts,10,1.258093588467641,1.0451990245371021,-0.6345199382919138,0.1539771645289499,0.19077259993137183
scaffold_holdout_10pct_5_sample_efficiency_2604070040,zeng_svr_proxy,scaffold_holdout_10pct_5,1,0.4,42,42,468,188,53,zeng_proxy_descriptors,rdkit_paper_proxy,3,1.3743720405764033,0.9965133199639258,-0.9506212337870272,0.2425739391217587,0.17976327921870372
scaffold_holdout_10pct_5_sample_efficiency_2604070040,abdallah_lgbm,scaffold_holdout_10pct_5,1,0.6,42,42,468,281,53,abdallah_descriptor_table,cdk_2_8_curated_subset,97,0.7862404882399286,0.5994183257882137,0.3616260840428158,0.7402628503407215,0.7131075184643803
scaffold_holdout_10pct_5_sample_efficiency_2604070040,fpadmet_rf,scaffold_holdout_10pct_5,1,0.6,42,42,468,281,53,fpadmet_pubchem,skfp_pubchem_local,881,0.992914140370399,0.829304773495054,-0.018093619530301863,0.5066261753961221,0.409035957815787
scaffold_holdout_10pct_5_sample_efficiency_2604070040,gate_lgbm,scaffold_holdout_10pct_5,1,0.6,42,42,468,281,53,gate_predicted_properties,gate_predicted_property_table,30,0.7443899721099612,0.574224609831436,0.4277769440290382,0.6901137392548822,0.7122006295604276
scaffold_holdout_10pct_5_sample_efficiency_2604070040,waters_fragment_linear,scaffold_holdout_10pct_5,1,0.6,42,42,468,281,53,waters_functional_groups,rdkit_smarts,10,1.1556465198556538,0.9735229578417799,-0.37915905754329016,0.15322569142582865,0.17571480082794086
scaffold_holdout_10pct_5_sample_efficiency_2604070040,zeng_svr_proxy,scaffold_holdout_10pct_5,1,0.6,42,42,468,281,53,zeng_proxy_descriptors,rdkit_paper_proxy,3,0.9867895989026276,0.6841787512587251,-0.005572645716548585,0.565701916399688,0.5837836980486708
scaffold_holdout_10pct_5_sample_efficiency_2604070040,abdallah_lgbm,scaffold_holdout_10pct_5,1,0.8,42,42,468,375,53,abdallah_descriptor_table,cdk_2_8_curated_subset,97,0.8059565579857079,0.6287625401532642,0.3292084373977521,0.7210980782824377,0.7095584156379873
scaffold_holdout_10pct_5_sample_efficiency_2604070040,fpadmet_rf,scaffold_holdout_10pct_5,1,0.8,42,42,468,375,53,fpadmet_pubchem,skfp_pubchem_local,881,0.9803873789482024,0.8131739251272778,0.007433192524849308,0.5327667987507008,0.44413075893015935
scaffold_holdout_10pct_5_sample_efficiency_2604070040,gate_lgbm,scaffold_holdout_10pct_5,1,0.8,42,42,468,375,53,gate_predicted_properties,gate_predicted_property_table,30,0.758185184173755,0.6330486092738516,0.4063712699181218,0.6691346638542047,0.6701340592027961
scaffold_holdout_10pct_5_sample_efficiency_2604070040,waters_fragment_linear,scaffold_holdout_10pct_5,1,0.8,42,42,468,375,53,waters_functional_groups,rdkit_smarts,10,1.0997833689717282,0.9296276390169835,-0.24904653894688034,0.2118939603698489,0.19749194039150503
scaffold_holdout_10pct_5_sample_efficiency_2604070040,zeng_svr_proxy,scaffold_holdout_10pct_5,1,0.8,42,42,468,375,53,zeng_proxy_descriptors,rdkit_paper_proxy,3,0.9322876314155557,0.6389952383218105,0.10243859562373836,0.5972091345526858,0.5973625515259784
scaffold_holdout_10pct_5_sample_efficiency_2604070040,abdallah_lgbm,scaffold_holdout_10pct_5,1,1.0,42,42,468,468,53,abdallah_descriptor_table,cdk_2_8_curated_subset,97,0.7763307388886248,0.6406536764618126,0.3776167598075889,0.7449830406157801,0.7669490215693174
scaffold_holdout_10pct_5_sample_efficiency_2604070040,fpadmet_rf,scaffold_holdout_10pct_5,1,1.0,42,42,468,468,53,fpadmet_pubchem,skfp_pubchem_local,881,0.8598166967929188,0.6660975924827733,0.23655795654893885,0.6108911486498317,0.5971763628703068
scaffold_holdout_10pct_5_sample_efficiency_2604070040,gate_lgbm,scaffold_holdout_10pct_5,1,1.0,42,42,468,468,53,gate_predicted_properties,gate_predicted_property_table,30,0.7494048852837089,0.6040433696632087,0.42004090410114336,0.6678895830676546,0.6466153287908721
scaffold_holdout_10pct_5_sample_efficiency_2604070040,waters_fragment_linear,scaffold_holdout_10pct_5,1,1.0,42,42,468,468,53,waters_functional_groups,rdkit_smarts,10,1.0905517163579268,0.9228936962283433,-0.22816539256431057,0.27137023547373607,0.2713237295438119
scaffold_holdout_10pct_5_sample_efficiency_2604070040,zeng_svr_proxy,scaffold_holdout_10pct_5,1,1.0,42,42,468,468,53,zeng_proxy_descriptors,rdkit_paper_proxy,3,0.9714492322605122,0.6354615678675696,0.025449063467990474,0.5644077100622619,0.5586474089460668
