run_id,model_id,split_method,fold_index,seed,n_train,n_test,feature_family,descriptor_backend,feature_dim,rmse,mae,r2,pearson_r,spearman_r
finalcheck_2607312337,abdallah_lgbm,random_10fold,1,42,468,53,abdallah_descriptor_table,cdk_2_8_curated_subset,96,0.9771259409211682,0.6567712623510096,0.2936101204153151,0.5637112339034889,0.6237829339868818
finalcheck_2607312337,abdallah_lgbm,random_10fold,2,42,469,52,abdallah_descriptor_table,cdk_2_8_curated_subset,97,0.8480616550871912,0.6147502737394868,0.4792908706693034,0.7029339873333033,0.718575911030047
finalcheck_2607312337,abdallah_lgbm,random_10fold,3,42,469,52,abdallah_descriptor_table,cdk_2_8_curated_subset,96,0.6125490487540048,0.4507049777537284,0.6550735864780979,0.8127837285299522,0.7989241832400168
finalcheck_2607312337,abdallah_lgbm,random_10fold,4,42,469,52,abdallah_descriptor_table,cdk_2_8_curated_subset,97,0.759306851895829,0.5332813837921649,0.6280461675543048,0.7961994392890729,0.7850846301760587
finalcheck_2607312337,abdallah_lgbm,random_10fold,5,42,469,52,abdallah_descriptor_table,cdk_2_8_curated_subset,97,0.8446561001509627,0.551577132862052,0.5431366850651425,0.7467968640331334,0.7472625986206246
finalcheck_2607312337,abdallah_lgbm,random_10fold,6,42,469,52,abdallah_descriptor_table,cdk_2_8_curated_subset,97,0.7825670616685698,0.551417172646923,0.5214648742794692,0.7593110305677679,0.7384575993282946
finalcheck_2607312337,abdallah_lgbm,random_10fold,7,42,469,52,abdallah_descriptor_table,cdk_2_8_curated_subset,97,0.6656632972044084,0.47043241433996863,0.46066840869728565,0.7623627457902638,0.7088580582766435
finalcheck_2607312337,abdallah_lgbm,random_10fold,8,42,469,52,abdallah_descriptor_table,cdk_2_8_curated_subset,96,0.6599402776902351,0.503184491061333,0.6058669315728853,0.7800497642464834,0.7727311534192777
finalcheck_2607312337,abdallah_lgbm,random_10fold,9,42,469,52,abdallah_descriptor_table,cdk_2_8_curated_subset,97,0.82568595089965,0.5523238503900522,0.600343600243654,0.7812793536893144,0.7743698108527923
finalcheck_2607312337,abdallah_lgbm,random_10fold,10,42,469,52,abdallah_descriptor_table,cdk_2_8_curated_subset,96,0.6722059436642338,0.4120965690544077,0.6405147835652598,0.8080772029698268,0.8345606285651648
finalcheck_2607312337,fpadmet_rf,random_10fold,1,42,468,53,fpadmet_pubchem,skfp_pubchem_local,881,0.8617784190866169,0.5882167413256564,0.45054186150859543,0.6715209590691238,0.6548665451498895
finalcheck_2607312337,fpadmet_rf,random_10fold,2,42,469,52,fpadmet_pubchem,skfp_pubchem_local,881,0.7987502224530852,0.6285324587260009,0.5380847272415388,0.7344567196630029,0.7134105997228151
finalcheck_2607312337,fpadmet_rf,random_10fold,3,42,469,52,fpadmet_pubchem,skfp_pubchem_local,881,0.6968633088371213,0.5205520080797379,0.5535838367442867,0.7466228588381543,0.7057806436009895
finalcheck_2607312337,fpadmet_rf,random_10fold,4,42,469,52,fpadmet_pubchem,skfp_pubchem_local,881,0.8301898421339186,0.6087248112484673,0.555359282278193,0.7515751276055517,0.7784418356456776
finalcheck_2607312337,fpadmet_rf,random_10fold,5,42,469,52,fpadmet_pubchem,skfp_pubchem_local,881,0.8373656249702462,0.6016689291333661,0.5509892923303505,0.7611028522018853,0.7762054173504036
finalcheck_2607312337,fpadmet_rf,random_10fold,6,42,469,52,fpadmet_pubchem,skfp_pubchem_local,881,0.6948872047771495,0.5286359813726894,0.6226891251817392,0.7908188392792929,0.721253390024947
finalcheck_2607312337,fpadmet_rf,random_10fold,7,42,469,52,fpadmet_pubchem,skfp_pubchem_local,881,0.6470595306728747,0.47544855923382284,0.49039331910897066,0.7313521286166929,0.6856350059609257
finalcheck_2607312337,fpadmet_rf,random_10fold,8,42,469,52,fpadmet_pubchem,skfp_pubchem_local,881,0.7994511315998761,0.5965314737179485,0.4216144327459136,0.6581820785029814,0.679131715593003
finalcheck_2607312337,fpadmet_rf,random_10fold,9,42,469,52,fpadmet_pubchem,skfp_pubchem_local,881,0.7841790375794916,0.6165421447496902,0.6395148001342492,0.8121826548409531,0.8117649571762238
finalcheck_2607312337,fpadmet_rf,random_10fold,10,42,469,52,fpadmet_pubchem,skfp_pubchem_local,881,0.7630059191942353,0.5143108806166077,0.5368388187690656,0.736815202182261,0.7530682377758605
finalcheck_2607312337,gate_lgbm,random_10fold,1,42,468,53,gate_predicted_properties,gate_predicted_property_table,30,1.0152571914722741,0.7250661323294315,0.23740222982420367,0.51675663734088,0.580793420416062
finalcheck_2607312337,gate_lgbm,random_10fold,2,42,469,52,gate_predicted_properties,gate_predicted_property_table,30,0.7972787122594887,0.5863507790637078,0.5397851009186312,0.7492344692876374,0.7730464666335841
finalcheck_2607312337,gate_lgbm,random_10fold,3,42,469,52,gate_predicted_properties,gate_predicted_property_table,30,0.6500477037598569,0.5192288175355894,0.6115499602553442,0.7834578779623846,0.7323685135985086
finalcheck_2607312337,gate_lgbm,random_10fold,4,42,469,52,gate_predicted_properties,gate_predicted_property_table,30,0.7266600951391484,0.49745506317098137,0.6593432311786569,0.8148464332818689,0.8302917762451384
finalcheck_2607312337,gate_lgbm,random_10fold,5,42,469,52,gate_predicted_properties,gate_predicted_property_table,30,0.7346303103818206,0.5361819749312886,0.654407644762322,0.8143919168228899,0.8332372843459568
finalcheck_2607312337,gate_lgbm,random_10fold,6,42,469,52,gate_predicted_properties,gate_predicted_property_table,30,0.5885874280464224,0.39659623743985273,0.7292972574056892,0.8598175585998149,0.8238382906600432
finalcheck_2607312337,gate_lgbm,random_10fold,7,42,469,52,gate_predicted_properties,gate_predicted_property_table,30,0.6046015377945075,0.4550790568662793,0.5550767191393134,0.7916475587877524,0.786083245113286
finalcheck_2607312337,gate_lgbm,random_10fold,8,42,469,52,gate_predicted_properties,gate_predicted_property_table,30,0.7753101965600684,0.559800216590938,0.456017917330381,0.6918666466496893,0.74404507811833
finalcheck_2607312337,gate_lgbm,random_10fold,9,42,469,52,gate_predicted_properties,gate_predicted_property_table,30,0.8319652274534145,0.6236210932606002,0.594241775368507,0.7731756809115657,0.7625877784495193
finalcheck_2607312337,gate_lgbm,random_10fold,10,42,469,52,gate_predicted_properties,gate_predicted_property_table,30,0.6237344412848659,0.40276465321757865,0.6904892128874145,0.859525231262163,0.8746878403734132
finalcheck_2607312337,waters_fragment_linear,random_10fold,1,42,468,53,waters_functional_groups,rdkit_smarts,10,1.1261268808945817,0.8259997266229745,0.06175116731505259,0.3184341444673939,0.45867196339042443
finalcheck_2607312337,waters_fragment_linear,random_10fold,2,42,469,52,waters_functional_groups,rdkit_smarts,10,1.1538567758393472,0.844706871012503,0.0360729955728597,0.42005720906153443,0.47236935501382554
finalcheck_2607312337,waters_fragment_linear,random_10fold,3,42,469,52,waters_functional_groups,rdkit_smarts,10,0.8212089934348837,0.6730851977554059,0.3800565055867553,0.6328837810022659,0.6531283657225251
finalcheck_2607312337,waters_fragment_linear,random_10fold,4,42,469,52,waters_functional_groups,rdkit_smarts,10,0.9437615103539678,0.7989228539241099,0.42538240134521366,0.6567804214320966,0.720468005948008
finalcheck_2607312337,waters_fragment_linear,random_10fold,5,42,469,52,waters_functional_groups,rdkit_smarts,10,1.062861067531603,0.8610490224917743,0.2765984429754085,0.5379170841504661,0.6198428974812984
finalcheck_2607312337,waters_fragment_linear,random_10fold,6,42,469,52,waters_functional_groups,rdkit_smarts,10,0.8101177184512769,0.6271300365547643,0.48717763808735215,0.6999202896515906,0.6611353881970666
finalcheck_2607312337,waters_fragment_linear,random_10fold,7,42,469,52,waters_functional_groups,rdkit_smarts,10,0.7930096968601705,0.680784337065063,0.23457325695627618,0.5209528339822291,0.4791961340912494
finalcheck_2607312337,waters_fragment_linear,random_10fold,8,42,469,52,waters_functional_groups,rdkit_smarts,10,0.9037700006563321,0.720044109351796,0.26082129467402726,0.5222677973264974,0.5774912559665042
finalcheck_2607312337,waters_fragment_linear,random_10fold,9,42,469,52,waters_functional_groups,rdkit_smarts,10,0.975759207838334,0.8379711177262114,0.44186109241336047,0.7017366556291911,0.619999160193808
finalcheck_2607312337,waters_fragment_linear,random_10fold,10,42,469,52,waters_functional_groups,rdkit_smarts,10,1.02280001471595,0.7458927025130747,0.1677423614254825,0.42661140512502355,0.5147555455562863
finalcheck_2607312337,zeng_svr_proxy,random_10fold,1,42,468,53,zeng_proxy_descriptors,rdkit_paper_proxy,3,1.2337691855696862,0.8268075263442961,-0.12618884292878607,0.32867341763433305,0.5125889492443908
finalcheck_2607312337,zeng_svr_proxy,random_10fold,2,42,469,52,zeng_proxy_descriptors,rdkit_paper_proxy,3,0.9156637467124852,0.6174148517894111,0.39296689356173553,0.645998215331361,0.692706665970687
finalcheck_2607312337,zeng_svr_proxy,random_10fold,3,42,469,52,zeng_proxy_descriptors,rdkit_paper_proxy,3,0.682549296512508,0.47849825893195097,0.5717348256083183,0.7713959487021399,0.8087431723468461
finalcheck_2607312337,zeng_svr_proxy,random_10fold,4,42,469,52,zeng_proxy_descriptors,rdkit_paper_proxy,3,0.7413608708015785,0.5051567032945868,0.6454204207999474,0.8035682383244577,0.7985315149841418
finalcheck_2607312337,zeng_svr_proxy,random_10fold,5,42,469,52,zeng_proxy_descriptors,rdkit_paper_proxy,3,0.868586077044265,0.6308615078851746,0.5168831688811316,0.7313245229753529,0.7356086317869525
finalcheck_2607312337,zeng_svr_proxy,random_10fold,6,42,469,52,zeng_proxy_descriptors,rdkit_paper_proxy,3,0.8164916633084943,0.5455982752120926,0.4790761971994526,0.7632004967026044,0.7505816574974029
finalcheck_2607312337,zeng_svr_proxy,random_10fold,7,42,469,52,zeng_proxy_descriptors,rdkit_paper_proxy,3,0.731708036736231,0.4760185210747216,0.34833816589041566,0.688645223143782,0.6932764147192226
finalcheck_2607312337,zeng_svr_proxy,random_10fold,8,42,469,52,zeng_proxy_descriptors,rdkit_paper_proxy,3,0.7210319653943014,0.4881968691649185,0.5295184021020216,0.7340043908935799,0.7318364210706052
finalcheck_2607312337,zeng_svr_proxy,random_10fold,9,42,469,52,zeng_proxy_descriptors,rdkit_paper_proxy,3,0.9765194845581681,0.609158780732131,0.4409909897696883,0.6860654371509268,0.6970182068139136
finalcheck_2607312337,zeng_svr_proxy,random_10fold,10,42,469,52,zeng_proxy_descriptors,rdkit_paper_proxy,3,0.9251615034418587,0.5730746940274126,0.3190559254757185,0.6411358569713866,0.6621416833592977
finalcheck_2607312337,abdallah_lgbm,target_stratified_10fold,1,42,468,53,abdallah_descriptor_table,cdk_2_8_curated_subset,96,0.7348728198242983,0.48356216453554146,0.6309452335099941,0.7955330676553851,0.782678818769219
finalcheck_2607312337,abdallah_lgbm,target_stratified_10fold,2,42,469,52,abdallah_descriptor_table,cdk_2_8_curated_subset,97,0.7691648743437958,0.498960416935758,0.546866427041907,0.7548355279172544,0.7725604029710579
finalcheck_2607312337,abdallah_lgbm,target_stratified_10fold,3,42,469,52,abdallah_descriptor_table,cdk_2_8_curated_subset,97,0.6648431176711984,0.47201962920610274,0.6236617555147472,0.7914057634477085,0.7957053514160863
finalcheck_2607312337,abdallah_lgbm,target_stratified_10fold,4,42,469,52,abdallah_descriptor_table,cdk_2_8_curated_subset,95,0.9135258532276391,0.6385561218949398,0.4183132998014536,0.6554065331987557,0.6017374230309239
finalcheck_2607312337,abdallah_lgbm,target_stratified_10fold,5,42,469,52,abdallah_descriptor_table,cdk_2_8_curated_subset,96,0.5703101177718943,0.416456866270733,0.7254170590032158,0.8542863844160069,0.8368658088179791
finalcheck_2607312337,abdallah_lgbm,target_stratified_10fold,6,42,469,52,abdallah_descriptor_table,cdk_2_8_curated_subset,97,0.8616368971313233,0.5984409381909176,0.4790166341912546,0.708829285233711,0.7700582700095656
finalcheck_2607312337,abdallah_lgbm,target_stratified_10fold,7,42,469,52,abdallah_descriptor_table,cdk_2_8_curated_subset,97,0.7444773046987313,0.5211100300341828,0.5498098650713565,0.7482259196047573,0.78854240055528
finalcheck_2607312337,abdallah_lgbm,target_stratified_10fold,8,42,469,52,abdallah_descriptor_table,cdk_2_8_curated_subset,97,0.7421847270964521,0.4744971858900711,0.5829678286812883,0.7834240833146436,0.8032954836506446
finalcheck_2607312337,abdallah_lgbm,target_stratified_10fold,9,42,469,52,abdallah_descriptor_table,cdk_2_8_curated_subset,97,0.8232033575083577,0.5414512518252079,0.501373643784136,0.7203898153648596,0.7385699039487726
finalcheck_2607312337,abdallah_lgbm,target_stratified_10fold,10,42,469,52,abdallah_descriptor_table,cdk_2_8_curated_subset,97,0.7628708765925716,0.535279835333511,0.5424237327444215,0.7404206261290768,0.7476308375309485
finalcheck_2607312337,fpadmet_rf,target_stratified_10fold,1,42,468,53,fpadmet_pubchem,skfp_pubchem_local,881,0.772601879481651,0.5839441600072908,0.5920772095005993,0.7788727156710774,0.765018952571974
finalcheck_2607312337,fpadmet_rf,target_stratified_10fold,2,42,469,52,fpadmet_pubchem,skfp_pubchem_local,881,0.6778617837003941,0.47672425819597214,0.6480591693600048,0.8102898186842737,0.8190899001109878
finalcheck_2607312337,fpadmet_rf,target_stratified_10fold,3,42,469,52,fpadmet_pubchem,skfp_pubchem_local,881,0.747113080070587,0.548156213989216,0.5247603364911252,0.7252526764212516,0.7282972957325197
finalcheck_2607312337,fpadmet_rf,target_stratified_10fold,4,42,469,52,fpadmet_pubchem,skfp_pubchem_local,881,0.8537692114692085,0.6662667302183933,0.4919242961850061,0.702142444755834,0.6037526450166912
finalcheck_2607312337,fpadmet_rf,target_stratified_10fold,5,42,469,52,fpadmet_pubchem,skfp_pubchem_local,881,0.6386352242120698,0.48445757442002324,0.6556840536617978,0.81938400524035,0.7994450373532549
finalcheck_2607312337,fpadmet_rf,target_stratified_10fold,6,42,469,52,fpadmet_pubchem,skfp_pubchem_local,881,0.7503780125824986,0.5687957668345517,0.6048741156475206,0.7818759587427057,0.7777422041856131
finalcheck_2607312337,fpadmet_rf,target_stratified_10fold,7,42,469,52,fpadmet_pubchem,skfp_pubchem_local,881,0.7265490659987475,0.5135819292984783,0.5712314269338967,0.7603267835141336,0.8118930227458245
finalcheck_2607312337,fpadmet_rf,target_stratified_10fold,8,42,469,52,fpadmet_pubchem,skfp_pubchem_local,881,0.711721232195743,0.5036711980047713,0.6164999922325425,0.7884957903283085,0.7683770169896695
finalcheck_2607312337,fpadmet_rf,target_stratified_10fold,9,42,469,52,fpadmet_pubchem,skfp_pubchem_local,881,0.8494493766690199,0.6127836790293044,0.4690715859210749,0.6857599064800379,0.6828029285882256
finalcheck_2607312337,fpadmet_rf,target_stratified_10fold,10,42,469,52,fpadmet_pubchem,skfp_pubchem_local,881,0.76921404774573,0.5666663868284505,0.5347827241352254,0.7372939277663172,0.7216767694015196
finalcheck_2607312337,gate_lgbm,target_stratified_10fold,1,42,468,53,gate_predicted_properties,gate_predicted_property_table,30,0.7227139001183792,0.5131952668863032,0.6430566751984688,0.801989238443149,0.8083219121515198
finalcheck_2607312337,gate_lgbm,target_stratified_10fold,2,42,469,52,gate_predicted_properties,gate_predicted_property_table,30,0.763052624662218,0.5078920024226644,0.5540395596422087,0.7643953897708846,0.7620592504055322
finalcheck_2607312337,gate_lgbm,target_stratified_10fold,3,42,469,52,gate_predicted_properties,gate_predicted_property_table,30,0.6522657844171224,0.47888642463680486,0.6377660138299857,0.7986706068518747,0.8078548566592714
finalcheck_2607312337,gate_lgbm,target_stratified_10fold,4,42,469,52,gate_predicted_properties,gate_predicted_property_table,30,0.8330873631240523,0.5762337084075763,0.5162415739909136,0.7188226141391996,0.695381200375651
finalcheck_2607312337,gate_lgbm,target_stratified_10fold,5,42,469,52,gate_predicted_properties,gate_predicted_property_table,30,0.5932638421221186,0.4394988014424711,0.7028695507326029,0.8392578936467101,0.8511237755668672
finalcheck_2607312337,gate_lgbm,target_stratified_10fold,6,42,469,52,gate_predicted_properties,gate_predicted_property_table,30,0.8603735362200338,0.6134372558521878,0.480543280721471,0.6971545780708339,0.7721926961695789
finalcheck_2607312337,gate_lgbm,target_stratified_10fold,7,42,469,52,gate_predicted_properties,gate_predicted_property_table,30,0.5911468518561226,0.4398024884109003,0.7161533255011416,0.8469241702665079,0.8902691513415096
finalcheck_2607312337,gate_lgbm,target_stratified_10fold,8,42,469,52,gate_predicted_properties,gate_predicted_property_table,30,0.7266413984489957,0.5294029687025056,0.6002524532761848,0.7903741603073154,0.7885255698796209
finalcheck_2607312337,gate_lgbm,target_stratified_10fold,9,42,469,52,gate_predicted_properties,gate_predicted_property_table,30,0.6861866103049596,0.5209180387154865,0.6535461091163173,0.8119633992684676,0.7950310560817202
finalcheck_2607312337,gate_lgbm,target_stratified_10fold,10,42,469,52,gate_predicted_properties,gate_predicted_property_table,30,0.7308503264199052,0.5625793012308483,0.5800299590694677,0.7671621959302161,0.7473747118586187
finalcheck_2607312337,waters_fragment_linear,target_stratified_10fold,1,42,468,53,waters_functional_groups,rdkit_smarts,10,0.9359625729301974,0.7178273592262407,0.4013356259142923,0.6605361924681993,0.6925450296543322
finalcheck_2607312337,waters_fragment_linear,target_stratified_10fold,2,42,469,52,waters_functional_groups,rdkit_smarts,10,0.9326088733362693,0.7503778464619023,0.3338278983935531,0.585253208199422,0.6082928017428488
finalcheck_2607312337,waters_fragment_linear,target_stratified_10fold,3,42,469,52,waters_functional_groups,rdkit_smarts,10,0.9712698022372231,0.775737550121112,0.1968072632046457,0.4455149097846061,0.49120225708362847
finalcheck_2607312337,waters_fragment_linear,target_stratified_10fold,4,42,469,52,waters_functional_groups,rdkit_smarts,10,1.0809874523260325,0.8848095647380063,0.18550437733314717,0.4352722737329449,0.4631292812678775
finalcheck_2607312337,waters_fragment_linear,target_stratified_10fold,5,42,469,52,waters_functional_groups,rdkit_smarts,10,0.9712375129509442,0.7830068958385319,0.20365309607660953,0.45404676458729043,0.48772417849333616
finalcheck_2607312337,waters_fragment_linear,target_stratified_10fold,6,42,469,52,waters_functional_groups,rdkit_smarts,10,0.9466551300967705,0.6724427235057864,0.371132911823539,0.6228256085401686,0.6881284417084544
finalcheck_2607312337,waters_fragment_linear,target_stratified_10fold,7,42,469,52,waters_functional_groups,rdkit_smarts,10,0.9698057464486423,0.7269719455485221,0.23605418775383047,0.4983908902250285,0.4847980402766056
finalcheck_2607312337,waters_fragment_linear,target_stratified_10fold,8,42,469,52,waters_functional_groups,rdkit_smarts,10,0.8363978574095137,0.6491964711583026,0.47037148857781064,0.7103753853510968,0.6924128077173048
finalcheck_2607312337,waters_fragment_linear,target_stratified_10fold,9,42,469,52,waters_functional_groups,rdkit_smarts,10,0.9502408992520768,0.7784299770770564,0.33560186870360276,0.5876916893912131,0.6153945015097309
finalcheck_2607312337,waters_fragment_linear,target_stratified_10fold,10,42,469,52,waters_functional_groups,rdkit_smarts,10,0.9826432464017111,0.7770540585512162,0.240805300451035,0.5025577044434684,0.6002092670681511
finalcheck_2607312337,zeng_svr_proxy,target_stratified_10fold,1,42,468,53,zeng_proxy_descriptors,rdkit_paper_proxy,3,0.81172016711402,0.5882420421764631,0.5497236660714595,0.7495070892312234,0.7738085663413791
finalcheck_2607312337,zeng_svr_proxy,target_stratified_10fold,2,42,469,52,zeng_proxy_descriptors,rdkit_paper_proxy,3,0.980230735035649,0.6049854730934571,0.2640573269562886,0.6283804907279383,0.6917954409630325
finalcheck_2607312337,zeng_svr_proxy,target_stratified_10fold,3,42,469,52,zeng_proxy_descriptors,rdkit_paper_proxy,3,0.6373025054834773,0.4521298342543939,0.6541950133588299,0.8191775261923574,0.8374138190556335
finalcheck_2607312337,zeng_svr_proxy,target_stratified_10fold,4,42,469,52,zeng_proxy_descriptors,rdkit_paper_proxy,3,1.2170580439958614,0.8204324658486144,-0.032452383316177835,0.4297883389815246,0.45667207376419355
finalcheck_2607312337,zeng_svr_proxy,target_stratified_10fold,5,42,469,52,zeng_proxy_descriptors,rdkit_paper_proxy,3,0.8260154018129182,0.5131325224547401,0.42399309456040213,0.6820635097802357,0.7433779430094005
finalcheck_2607312337,zeng_svr_proxy,target_stratified_10fold,6,42,469,52,zeng_proxy_descriptors,rdkit_paper_proxy,3,0.9314138421394432,0.5831409435989146,0.3912196069096241,0.6677922576018468,0.7749247616543957
finalcheck_2607312337,zeng_svr_proxy,target_stratified_10fold,7,42,469,52,zeng_proxy_descriptors,rdkit_paper_proxy,3,0.8161654031189521,0.5245785756991497,0.45893503824385085,0.6900402757480162,0.7485859428398327
finalcheck_2607312337,zeng_svr_proxy,target_stratified_10fold,8,42,469,52,zeng_proxy_descriptors,rdkit_paper_proxy,3,0.8268778944457965,0.5565432627975416,0.4823594420348757,0.7241164060235514,0.739520191240502
finalcheck_2607312337,zeng_svr_proxy,target_stratified_10fold,9,42,469,52,zeng_proxy_descriptors,rdkit_paper_proxy,3,0.8366926448113309,0.5712409706526125,0.4848984379934569,0.6987992201395394,0.7151760939167555
finalcheck_2607312337,zeng_svr_proxy,target_stratified_10fold,10,42,469,52,zeng_proxy_descriptors,rdkit_paper_proxy,3,0.7681202748820515,0.5405064959257047,0.5361048015549945,0.737116712263842,0.748996841116708
