smiles_std,amide,amine,aromatic,bromine,carboxylic_acid,chlorine,ether,ester,hydroxyl,ketone
BrC(Br)Br,0,0,0,3,0,0,0,0,0,0
BrCc1ccccc1,0,0,1,1,0,0,0,0,0,0
Br[C@@H]1CC[C@@H](Br)[C@@H](Br)CC[C@@H](Br)[C@@H](Br)CC[C@H]1Br,0,0,0,6,0,0,0,0,0,0
Br[C@@H]1CC[C@@H](Br)[C@@H](Br)CC[C@H](Br)[C@H](Br)CC[C@H]1Br,0,0,0,6,0,0,0,0,0,0
Br[C@@H]1CC[C@H](Br)[C@H](Br)CC[C@@H](Br)[C@@H](Br)CC[C@H]1Br,0,0,0,6,0,0,0,0,0,0
Brc1ccccc1,0,0,1,1,0,0,0,0,0,0
C(CCCOCC1CO1)CCOCC1CO1,0,0,0,0,0,0,4,0,0,0
C/C=C/c1ccc(O)c(OC)c1,0,0,1,0,0,0,1,0,1,0
C1=CCC=C1,0,0,0,0,0,0,0,0,0,0
C1=CCCCC1,0,0,0,0,0,0,0,0,0,0
C1=Cc2ccccc2C1,0,0,1,0,0,0,0,0,0,0
C1CCOC1,0,0,0,0,0,0,1,0,0,0
C1CCOOC1,0,0,0,0,0,0,0,0,0,0
C1COCCN1,0,1,0,0,0,0,1,0,0,0
C1COCCO1,0,0,0,0,0,0,2,0,0,0
C=C(C)C(=O)O,0,0,0,0,1,0,0,0,1,0
C=C(C)C(=O)OC,0,0,0,0,0,0,1,1,0,0
C=C(CC)C(=O)c1ccc(OCC(=O)O)c(Cl)c1Cl,0,0,1,0,1,2,1,0,1,1
C=C(Cl)Cl,0,0,0,0,0,2,0,0,0,0
C=CC#N,0,0,0,0,0,0,0,0,0,0
C=CC(=C)Cl,0,0,0,0,0,1,0,0,0,0
C=CC(=O)O,0,0,0,0,1,0,0,0,1,0
C=CC(=O)OC,0,0,0,0,0,0,1,1,0,0
C=CC(=O)OCC,0,0,0,0,0,0,1,1,0,0
C=CC(=O)OCC(CC)CCCC,0,0,0,0,0,0,1,1,0,0
C=CC(=O)OCCCC,0,0,0,0,0,0,1,1,0,0
C=CC=O,0,0,0,0,0,0,0,0,0,0
C=CCO,0,0,0,0,0,0,0,0,1,0
C=CCOc1ccccc1OCC(O)CNC(C)C,0,1,1,0,0,0,2,0,1,0
C=CCc1ccc(O)c(OC)c1,0,0,1,0,0,0,1,0,1,0
C=CCc1ccccc1OCC(O)CNC(C)C,0,1,1,0,0,0,1,0,1,0
C=COC(C)=O,0,0,0,0,0,0,1,1,0,0
C=O,0,0,0,0,0,0,0,0,0,0
CC#N,0,0,0,0,0,0,0,0,0,0
CC(=O)/C=C/c1ccccc1,0,0,1,0,0,0,0,0,0,1
CC(=O)C(Cl)(Cl)Cl,0,0,0,0,0,3,0,0,0,1
CC(=O)C(Cl)Cl,0,0,0,0,0,2,0,0,0,1
CC(=O)C1(O)CCC2C3CC=C4CC(=O)CCC4(C)C3CCC21C,0,0,0,0,0,0,0,0,1,2
CC(=O)C1CCC2C3CC=C4CC(=O)CCC4(C)C3CCC12C,0,0,0,0,0,0,0,0,0,2
CC(=O)C1CCC2C3CC=C4CC(O)(O)CCC4(C)C3CCC12C,0,0,0,0,0,0,0,0,2,1
CC(=O)C1CCC2C3CC=C4CC(O)CCC4(C)C3CCC12C,0,0,0,0,0,0,0,0,1,1
CC(=O)C=Cc1ccccc1,0,0,1,0,0,0,0,0,0,1
CC(=O)CC(C)(C)O,0,0,0,0,0,0,0,0,1,1
CC(=O)CCC(C)C,0,0,0,0,0,0,0,0,0,1
CC(=O)N(C)C,1,0,0,0,0,0,0,0,0,0
CC(=O)Nc1ccc2c(c1)Cc1ccccc1-2,1,0,2,0,0,0,0,0,0,0
CC(=O)Nc1ccn([C@@H]2O[C@H](CO)[C@H](O)[C@@H]2O)c(=O)n1,1,0,1,0,0,0,1,0,3,0
CC(=O)O,0,0,0,0,1,0,0,0,1,0
CC(=O)OC(C)(C)C,0,0,0,0,0,0,1,1,0,0
CC(=O)OCC(=O)C12OC(C)(C)OC1CC1C3CC(F)C4=CC(=O)C=CC4(C)C3(F)C(O)CC12C,0,0,0,0,0,0,3,1,1,2
CC(=O)OCC(=O)[C@@]12OC(C)(C)OC1C[C@H]1[C@@H]3CC(F)C4=CC(=O)C=C[C@]4(C)C3(F)C(O)C[C@@]12C,0,0,0,0,0,0,3,1,1,2
CC(=O)OCC(=O)[C@@]12OC(C)(C)O[C@@H]1C[C@H]1[C@@H]3C[C@H](F)C4=CC(=O)C=C[C@]4(C)[C@@]3(F)[C@@H](O)C[C@@]12C,0,0,0,0,0,0,3,1,1,2
CC(=O)OCCC(C)C,0,0,0,0,0,0,1,1,0,0
CC(=O)OC[C@]12C[C@H](OC(=O)CC(C)C)C(C)=C[C@H]1O[C@@H]1[C@H](O)[C@@H](OC(C)=O)[C@@]2(C)[C@]12CO2,0,0,0,0,0,0,5,3,1,0
CC(=O)Oc1ccc(O)cc1,0,0,1,0,0,0,1,1,1,0
CC(=O)Oc1ccccc1C(=O)O,0,0,1,0,1,0,1,1,1,0
CC(=O)[C@@]1(O)CC[C@H]2[C@@H]3CCC4=CC(=O)CC[C@]4(C)[C@H]3CC[C@@]21C,0,0,0,0,0,0,0,0,1,2
CC(=O)[C@H]1CC[C@H]2[C@@H]3CC=C4CC(O)(O)CC[C@]4(C)[C@H]3CC[C@]12C,0,0,0,0,0,0,0,0,2,1
CC(=O)[C@H]1CC[C@H]2[C@@H]3CC=C4CC(O)CC(O)[C@]4(C)[C@H]3CC[C@]12C,0,0,0,0,0,0,0,0,2,1
CC(=O)[C@H]1CC[C@H]2[C@@H]3CC=C4C[C@@H](O)CC[C@]4(C)[C@H]3CC[C@]12C,0,0,0,0,0,0,0,0,1,1
CC(=O)[C@H]1CC[C@H]2[C@@H]3CCC4=CC(=O)CC(O)[C@]4(C)[C@H]3CC[C@]12C,0,0,0,0,0,0,0,0,1,2
CC(=O)[C@H]1CC[C@H]2[C@@H]3CCC4=CC(=O)CC[C@]4(C)[C@H]3CC[C@]12C,0,0,0,0,0,0,0,0,0,2
CC(=O)c1ccccc1,0,0,1,0,0,0,0,0,0,1
CC(C(=O)O)c1ccc(-c2ccccc2)c(F)c1,0,0,2,0,1,0,0,0,1,0
CC(C(=O)O)c1ccc2c(c1)Cc1cccnc1O2,0,0,2,0,1,0,1,0,1,0
CC(C(=O)O)c1cccc(C(=O)c2ccccc2)c1,0,0,2,0,1,0,0,0,1,1
CC(C(=O)OC[C@H]1OC(O)[C@@H](O)[C@@H](O)[C@@H]1O)c1ccc(-c2ccccc2)c(F)c1,0,0,2,0,0,0,2,1,4,0
CC(C(=O)OC[C@H]1OC(O)[C@@H](O)[C@@H](O)[C@@H]1O)c1cccc(C(=O)c2ccccc2)c1,0,0,2,0,0,0,2,1,4,1
CC(C(=O)OC[C@H]1OC(O)[C@H](O)[C@@H](O)[C@@H]1O)c1ccc(-c2ccccc2)c(F)c1,0,0,2,0,0,0,2,1,4,0
CC(C(=O)OC[C@H]1OC(O)[C@H](O)[C@@H](O)[C@@H]1O)c1cccc(C(=O)c2ccccc2)c1,0,0,2,0,0,0,2,1,4,1
CC(C)(C)NCC(O)COc1cccc2c1C[C@H](O)[C@H](O)C2,0,1,1,0,0,0,1,0,3,0
CC(C)(C)NC[C@H](O)COc1nsnc1N1CCOCC1,0,2,1,0,0,0,2,0,1,0
CC(C)(C)O,0,0,0,0,0,0,0,0,1,0
CC(C)(C)c1ccc(O)c(O)c1,0,0,1,0,0,0,0,0,2,0
CC(C)(C)c1ccccc1O,0,0,1,0,0,0,0,0,1,0
CC(C)(c1cc(Br)c(O)c(Br)c1)c1cc(Br)c(O)c(Br)c1,0,0,2,4,0,0,0,0,2,0
CC(C)(c1ccc(O)cc1)c1ccc(O)cc1,0,0,2,0,0,0,0,0,2,0
CC(C)(c1ccc(OCC2CO2)cc1)c1ccc(OCC2CO2)cc1,0,0,2,0,0,0,4,0,0,0
CC(C)=CCC/C(C)=C/CO,0,0,0,0,0,0,0,0,1,0
CC(C)=O,0,0,0,0,0,0,0,0,0,1
CC(C)CC(C)O,0,0,0,0,0,0,0,0,1,0
CC(C)CCC(=O)O,0,0,0,0,1,0,0,0,1,0
CC(C)CCO,0,0,0,0,0,0,0,0,1,0
CC(C)CO,0,0,0,0,0,0,0,0,1,0
CC(C)Cc1ccc(C(C)C(=O)O)cc1,0,0,1,0,1,0,0,0,1,0
CC(C)Cc1ccc(C(C)C(=O)OC[C@H]2OC(O)[C@@H](O)[C@@H](O)[C@@H]2O)cc1,0,0,1,0,0,0,2,1,4,0
CC(C)Cc1ccc(C(C)C(=O)OC[C@H]2OC(O)[C@H](O)[C@@H](O)[C@@H]2O)cc1,0,0,1,0,0,0,2,1,4,0
CC(C)N,0,1,0,0,0,0,0,0,0,0
CC(C)NCC(O)COc1ccc(CC(N)=O)cc1,1,1,1,0,0,0,1,0,1,0
CC(C)NCC(O)COc1ccc(COCCOC(C)C)cc1,0,1,1,0,0,0,3,0,1,0
CC(C)NCC(O)COc1cccc2[nH]ccc12,0,1,2,0,0,0,1,0,1,0
CC(C)NCC(O)COc1cccc2ccccc12,0,1,2,0,0,0,1,0,1,0
CC(C)NCC(O)c1ccc(NS(C)(=O)=O)cc1,0,2,1,0,0,0,0,0,1,0
CC(C)Nc1ccccc1,0,1,1,0,0,0,0,0,0,0
CC(C)O,0,0,0,0,0,0,0,0,1,0
CC(C)OCCO,0,0,0,0,0,0,1,0,1,0
CC(C)[C@H](NC(=O)[C@@H]1CCCN1C(=O)[C@H](C)NC(=O)[C@H](C)N)C(=O)O,3,1,0,0,1,0,0,0,1,0
CC(C)[N+](=O)[O-],0,1,0,0,0,0,0,0,0,0
CC(C)c1ccccc1,0,0,1,0,0,0,0,0,0,0
CC(CO[N+](=O)[O-])O[N+](=O)[O-],0,2,0,0,0,0,0,0,0,0
CC(Cl)(Cl)Cl,0,0,0,0,0,3,0,0,0,0
CC(Cl)CCl,0,0,0,0,0,2,0,0,0,0
CC(Cl)Cl,0,0,0,0,0,2,0,0,0,0
CC(N)Cc1ccccc1,0,1,1,0,0,0,0,0,0,0
CC(O)C(C)O,0,0,0,0,0,0,0,0,2,0
CC(O)COC(=O)c1cccnc1,0,0,1,0,0,0,1,1,1,0
CC/C=C/C/C=C/C/C=C/CCCCCCCC(=O)O,0,0,0,0,1,0,0,0,1,0
CC/C=C\C/C=C\C/C=C\CCCCCCCC(=O)O,0,0,0,0,1,0,0,0,1,0
CC1(C)O[C@@H]2C[C@H]3[C@@H]4CCC5=CC(=O)C=C[C@]5(C)[C@@]4(F)[C@@H](O)C[C@]3(C)[C@]2(C(=O)CO)O1,0,0,0,0,0,0,2,0,2,2
CC12CCC(=O)C=C1CCC1C2C(=O)CC2(C)C1CCC2(O)C(=O)CO,0,0,0,0,0,0,0,0,2,3
CC12CCC(=O)C=C1CCC1C2C(O)CC2(C)C(C(=O)CO)CCC12,0,0,0,0,0,0,0,0,2,2
CC12CCC(=O)C=C1CCC1C2C(O)CC2(C)C1CCC2(O)C(=O)CO,0,0,0,0,0,0,0,0,3,2
CC12CCC(=O)C=C1CCC1C2C(O)CC2(C)C1CCC2(O)C(=O)COC(=O)CCC(N)=O,1,0,0,0,0,0,1,1,2,2
CC12CCC(=O)C=C1CCC1C2C(O)CC2(C)C1CCC2(O)C(=O)COC(=O)CCCCCC(=O)O,0,0,0,0,1,0,1,1,3,2
CC12CCC(=O)C=C1CCC1C2C(O)CC2(C=O)C(C(=O)CO)CCC12,0,0,0,0,0,0,0,0,2,2
CC12CCC(=O)C=C1CCC1C2CCC2(C)C(C(=O)CO)CCC12,0,0,0,0,0,0,0,0,1,2
CC12CCC(=O)C=C1CCC1C2CCC2(C)C(O)CCC12,0,0,0,0,0,0,0,0,1,1
CC12CCC(=O)C=C1CCC1C2CCC2(C)C1CCC2(O)C(=O)CO,0,0,0,0,0,0,0,0,2,2
CC12CCC(CC1=O)C2(C)C,0,0,0,0,0,0,0,0,0,1
CC12CCC3c4ccc(O)cc4CCC3C1CC(O)C2O,0,0,1,0,0,0,0,0,3,0
CC12CCC3c4ccc(O)cc4CCC3C1CCC2=O,0,0,1,0,0,0,0,0,1,1
CC12CCC3c4ccc(O)cc4CCC3C1CCC2O,0,0,1,0,0,0,0,0,2,0
CC1=C2C(=CO[C@H](C)[C@H]2C)C(=O)C(C(=O)O)=C1O,0,0,0,0,1,0,1,0,2,1
CC1=CC(=O)C(C(C)C)=CC1=O,0,0,0,0,0,0,0,0,0,2
CC1=CC(=O)CC(C)(C)C1,0,0,0,0,0,0,0,0,0,1
CC1CC2C3CC=C4CC(=O)C=CC4(C)C3(F)C(O)CC2(C)C1(O)C(=O)CO,0,0,0,0,0,0,0,0,3,2
CC1CC2C3CCC4=CC(=O)C=CC4(C)C3(F)C(O)CC2(C)C1(O)C(=O)CO,0,0,0,0,0,0,0,0,3,2
CC1CCCCC1,0,0,0,0,0,0,0,0,0,0
CC1CO1,0,0,0,0,0,0,1,0,0,0
CC=O,0,0,0,0,0,0,0,0,0,0
CCBr,0,0,0,1,0,0,0,0,0,0
CCC(=O)N(c1ccccc1)C1(COC)CCN(CCc2cccs2)CC1,1,1,2,0,0,0,1,0,0,0
CCC(=O)O,0,0,0,0,1,0,0,0,1,0
CCC(=O)OCC(=O)[C@@]1(O)CC[C@H]2[C@@H]3CCC4=CC(=O)CC[C@]4(C)[C@H]3[C@@H](O)C[C@@]21C,0,0,0,0,0,0,1,1,2,2
CCC(=O)OCC(=O)[C@@]1(OC(=O)CC)[C@@H](C)C[C@H]2[C@@H]3CCC4=CC(=O)C=C[C@]4(C)C3(F)[C@@H](O)C[C@@]21C,0,0,0,0,0,0,2,2,1,2
CCC(C)=O,0,0,0,0,0,0,0,0,0,1
CCC(C)O,0,0,0,0,0,0,0,0,1,0
CCC(C)OC(C)=O,0,0,0,0,0,0,1,1,0,0
CCC(C)c1ccccc1O,0,0,1,0,0,0,0,0,1,0
CCC1(C2=CCCCC2)C(=O)NC(=O)NC1=O,2,0,0,0,0,0,0,0,0,0
CCC1(CC)C(=O)NC(=O)NC1=O,2,0,0,0,0,0,0,0,0,0
CCC1(CCC(C)C)C(=O)NC(=O)NC1=O,2,0,0,0,0,0,0,0,0,0
CCC1(c2ccccc2)C(=O)NC(=O)NC1=O,2,0,1,0,0,0,0,0,0,0
CCCC(=O)O,0,0,0,0,1,0,0,0,1,0
CCCC(C)(O)C1CC23C=CC1(OC)C1Oc4c(O)ccc5c4C12CCN(C)C3C5,0,1,1,0,0,0,2,0,2,0
CCCC(C)=O,0,0,0,0,0,0,0,0,0,1
CCCCC(=O)O,0,0,0,0,1,0,0,0,1,0
CCCCC(=O)OC1(C(=O)CO)C(C)CC2C3CCC4=CC(=O)C=CC4(C)C3(F)C(O)CC21C,0,0,0,0,0,0,1,1,2,2
CCCCC(=O)O[C@]1(C(=O)CO)[C@@H](C)C[C@H]2[C@@H]3CCC4=CC(=O)C=C[C@]4(C)[C@@]3(F)[C@@H](O)C[C@@]21C,0,0,0,0,0,0,1,1,2,2
CCCCC(C)=O,0,0,0,0,0,0,0,0,0,1
CCCCC(CC)CO,0,0,0,0,0,0,0,0,1,0
CCCCC(CC)COC(=O)c1ccccc1C(=O)OCC(CC)CCCC,0,0,1,0,0,0,2,2,0,0
CCCCC/C=C/C=C/C(=O)NCC(C)C,1,0,0,0,0,0,0,0,0,0
CCCCC1(CC)C(=O)NC(=O)NC1=O,2,0,0,0,0,0,0,0,0,0
CCCCCC(=O)Nc1ccn([C@@H]2O[C@H](CO)[C@H](O)[C@@H]2O)c(=O)n1,1,0,1,0,0,0,1,0,3,0
CCCCCC(=O)O,0,0,0,0,1,0,0,0,1,0
CCCCCC(=O)OCC(=O)C1(O)CCC2C3CC=C4CC(=O)CCC4(C)C3C(O)CC21C,0,0,0,0,0,0,1,1,2,2
CCCCCC(=O)OCC(=O)[C@@]1(O)CC[C@H]2[C@@H]3CCC4=CC(=O)CC[C@]4(C)[C@H]3[C@@H](O)C[C@@]21C,0,0,0,0,0,0,1,1,2,2
CCCCCC(C)=O,0,0,0,0,0,0,0,0,0,1
CCCCCC(C)O,0,0,0,0,0,0,0,0,1,0
CCCCCCC(=O)O,0,0,0,0,1,0,0,0,1,0
CCCCCCCC(=O)O,0,0,0,0,1,0,0,0,1,0
CCCCCCCC(=O)OCC(=O)C1(O)CCC2C3CC=C4CC(=O)CCC4(C)C3C(O)CC21C,0,0,0,0,0,0,1,1,2,2
CCCCCCCC(=O)OCC(=O)[C@@]1(O)CC[C@H]2[C@@H]3CCC4=CC(=O)CC[C@]4(C)[C@H]3[C@@H](O)C[C@@]21C,0,0,0,0,0,0,1,1,2,2
CCCCCCCC/C=C\CCCCCCCC(=O)O,0,0,0,0,1,0,0,0,1,0
CCCCCCCCC(N)C(=O)N(C)[C@@H](C)C(=O)N[C@@H](C)C(=O)N1CCC[C@H]1C(=O)N[C@H](C(=O)O)C(C)C,4,1,0,0,1,0,0,0,1,0
CCCCCCCCC=CCCCCCCCC(=O)O,0,0,0,0,1,0,0,0,1,0
CCCCCCCCCCC(N)C(=O)N(C)[C@@H](C)C(=O)N[C@@H](C)C(=O)N1CCC[C@H]1C(=O)N[C@H](C(=O)O)C(C)C,4,1,0,0,1,0,0,0,1,0
CCCCCCCCCCCCOCC1CO1,0,0,0,0,0,0,2,0,0,0
CCCCCCCCN1CCCC1=O,1,0,0,0,0,0,0,0,0,0
CCCCCCCCN1CCCCCC1=O,1,0,0,0,0,0,0,0,0,0
CCCCCCCCOC(=O)c1ccc(O)cc1,0,0,1,0,0,0,1,1,1,0
CCCCCCCC[C@@H](N)C(=O)N(C)[C@@H](C)C(=O)N[C@@H](C)C(=O)N1CCC[C@H]1C(=O)N[C@H](C(=O)O)C(C)C,4,1,0,0,1,0,0,0,1,0
CCCCCCCC[C@H](N)C(=O)N(C)[C@@H](C)C(=O)N[C@@H](C)C(=O)N1CCC[C@H]1C(=O)N[C@H](C(=O)O)C(C)C,4,1,0,0,1,0,0,0,1,0
CCCCCCN1CCCC1=O,1,0,0,0,0,0,0,0,0,0
CCCCCCOC(=O)c1cccnc1,0,0,1,0,0,0,1,1,0,0
CCCCCC[C@@H](N)C(=O)N(C)[C@@H](C)C(=O)N[C@@H](C)C(=O)N1CCC[C@H]1C(=O)N[C@H](C(=O)O)C(C)C,4,1,0,0,1,0,0,0,1,0
CCCCCC[C@H](N)C(=O)N(C)[C@@H](C)C(=O)N[C@@H](C)C(=O)N1CCC[C@H]1C(=O)N[C@H](C(=O)O)C(C)C,4,1,0,0,1,0,0,0,1,0
CCCCCOC(C)=O,0,0,0,0,0,0,1,1,0,0
CCCCO,0,0,0,0,0,0,0,0,1,0
CCCCOC(=O)c1ccc(N)cc1,0,1,1,0,0,0,1,1,0,0
CCCCOC(=O)c1ccc(O)cc1,0,0,1,0,0,0,1,1,1,0
CCCCOC(=O)c1ccccc1C(=O)OCCCC,0,0,1,0,0,0,2,2,0,0
CCCCOC(=O)c1cccnc1,0,0,1,0,0,0,1,1,0,0
CCCCOC(C)O,0,0,0,0,0,0,1,0,1,0
CCCCOCC(C)O,0,0,0,0,0,0,1,0,1,0
CCCCOCCO,0,0,0,0,0,0,1,0,1,0
CCCCOCCOCCO,0,0,0,0,0,0,2,0,1,0
CCCCOCCOCCOC(C)=O,0,0,0,0,0,0,3,1,0,0
CCCCOP(=O)(O)OCCCC,0,0,0,0,0,0,0,0,1,0
CCCC[C@@H](C)[C@@H](OC(=O)C[C@@H](CC(=O)O)C(=O)O)[C@H](C[C@@H](C)C[C@H](O)CCCC[C@@H](O)C[C@H](O)[C@H](C)N)OC(=O)C[C@@H](CC(=O)O)C(=O)O,0,1,0,0,4,0,2,2,7,0
CCCCc1ccc(O)cc1,0,0,1,0,0,0,0,0,1,0
CCCOC(=O)c1ccc(N)cc1,0,1,1,0,0,0,1,1,0,0
CCCOC(=O)c1ccc(O)cc1,0,0,1,0,0,0,1,1,1,0
CCCOC(C)O,0,0,0,0,0,0,1,0,1,0
CCCOCCO,0,0,0,0,0,0,1,0,1,0
CCCOc1ccc(O)cc1,0,0,1,0,0,0,1,0,1,0
CCC[N+](=O)[O-],0,1,0,0,0,0,0,0,0,0
CCCc1ccccc1,0,0,1,0,0,0,0,0,0,0
CCN,0,1,0,0,0,0,0,0,0,0
CCN(C)C,0,1,0,0,0,0,0,0,0,0
CCN(CC)C(=O)N1CCN(C)CC1,0,1,0,0,0,0,0,0,0,0
CCN(CC)C(=O)c1cccc(C)c1,1,0,1,0,0,0,0,0,0,0
CCN(CC)CC,0,1,0,0,0,0,0,0,0,0
CCN(CC)CC(=O)Nc1c(C)cccc1C,1,1,1,0,0,0,0,0,0,0
CCN/C(CC)=N/N=C(\CC)NCC,0,2,0,0,0,0,0,0,0,0
CCNCC,0,1,0,0,0,0,0,0,0,0
CCNc1nc(Cl)nc(NC(C)C)n1,0,2,1,0,0,1,0,0,0,0
CCNc1nc(Cl)nc(NCC)n1,0,2,1,0,0,1,0,0,0,0
CCO,0,0,0,0,0,0,0,0,1,0
CCOC(=O)/C=C\C(=O)OCC,0,0,0,0,0,0,2,2,0,0
CCOC(=O)C1(c2ccccc2)CCN(C)CC1,0,1,1,0,0,0,1,1,0,0
CCOC(=O)CC(SP(=S)(OC)OC)C(=O)OCC,0,0,0,0,0,0,2,2,0,0
CCOC(=O)c1ccc(N)cc1,0,1,1,0,0,0,1,1,0,0
CCOC(=O)c1ccc(O)cc1,0,0,1,0,0,0,1,1,1,0
CCOC(=O)c1ccccc1C(=O)OCC,0,0,1,0,0,0,2,2,0,0
CCOC(=O)c1cccnc1,0,0,1,0,0,0,1,1,0,0
CCOC=O,0,0,0,0,0,0,1,1,0,0
CCOCC,0,0,0,0,0,0,1,0,0,0
CCOCCC(=O)OCC,0,0,0,0,0,0,2,1,0,0
CCOCCO,0,0,0,0,0,0,1,0,1,0
CCOCCOC(C)=O,0,0,0,0,0,0,2,1,0,0
CCOCCOCCO,0,0,0,0,0,0,2,0,1,0
CCOP(=S)(OCC)Oc1cc(C)nc(C(C)C)n1,0,0,1,0,0,0,0,0,0,0
CCOP(=S)(OCC)Oc1ccc([N+](=O)[O-])cc1,0,1,1,0,0,0,0,0,0,0
CCOP(=S)(OCC)Oc1nc(Cl)c(Cl)cc1Cl,0,0,1,0,0,3,0,0,0,0
CCOc1ccc2ccc(=O)oc2c1,0,0,2,0,0,0,1,0,0,0
CCc1ccc(O)cc1,0,0,1,0,0,0,0,0,1,0
CCc1cccc2c3c([nH]c12)C(CC)(CC(=O)O)OCC3,0,0,2,0,1,0,1,0,1,0
CCc1ccccc1,0,0,1,0,0,0,0,0,0,0
CN(C)C,0,1,0,0,0,0,0,0,0,0
CN(C)C(=O)CCC(=O)OCC(=O)[C@@]1(O)CC[C@H]2[C@@H]3CCC4=CC(=O)CC[C@]4(C)[C@H]3[C@@H](O)C[C@@]21C,1,0,0,0,0,0,1,1,2,2
CN(C)C(=S)SSC(=S)N(C)C,0,2,0,0,0,0,0,0,0,0
CN(C)C=O,0,0,0,0,0,0,0,0,0,0
CN(C)CCC(c1ccc(Cl)cc1)c1ccccn1,0,1,2,0,0,1,0,0,0,0
CN(C)c1ccccc1,0,1,1,0,0,0,0,0,0,0
CN(CC=CC#CC(C)(C)C)Cc1cccc2ccccc12,0,1,2,0,0,0,0,0,0,0
CN(Cc1cnc2nc(N)nc(N)c2n1)c1ccc(C(=O)N[C@@H](CCC(=O)O)C(=O)O)cc1,1,3,3,0,2,0,0,0,2,0
CN/C(=C\[N+](=O)[O-])NCCSCc1ccc(CN(C)C)o1,0,4,1,0,0,0,0,0,0,0
CN1C(C(=O)Nc2ccccn2)=C(O)c2ccccc2S1(=O)=O,1,1,2,0,0,0,0,0,1,0
CN1C2CC(OC(=O)C(CO)c3ccccc3)CC1C1OC12,0,1,1,0,0,0,2,1,1,0
CN1C2CCC1CC(OC(=O)C(CO)c1ccccc1)C2,0,1,1,0,0,0,1,1,1,0
CN1CCC23c4c5ccc(O)c4OC2C(=O)CCC3C1C5,0,1,1,0,0,0,1,0,1,1
CN1CCC23c4c5ccc(O)c4OC2C(O)C=CC3C1C5,0,1,1,0,0,0,1,0,2,0
CN1CCCC1c1cccnc1,0,1,1,0,0,0,0,0,0,0
CN1CCC[C@H]1c1cccnc1,0,1,1,0,0,0,0,0,0,0
CN1CCN(C(c2ccccc2)c2ccccc2)CC1,0,2,2,0,0,0,0,0,0,0
CN1CC[C@]23c4c5ccc(O)c4O[C@H]2C(=O)CC[C@@]3(O)[C@H]1C5,0,1,1,0,0,0,1,0,2,1
CN1CC[C@]23c4c5ccc(O)c4O[C@H]2C(=O)CC[C@H]3[C@H]1C5,0,1,1,0,0,0,1,0,1,1
CN1CC[C@]23c4c5ccc(O)c4O[C@H]2[C@@H](O)C=C[C@H]3[C@H]1C5,0,1,1,0,0,0,1,0,2,0
CN1CC[C@]23c4c5ccc(O)c4O[C@H]2[C@@H](O)CC[C@H]3[C@H]1C5,0,1,1,0,0,0,1,0,2,0
CN1[C@@H]2CC(OC(=O)[C@H](CO)c3ccccc3)C[C@H]1[C@@H]1O[C@@H]12,0,1,1,0,0,0,2,1,1,0
CNC(=C[N+](=O)[O-])NCCSCc1ccc(CN(C)C)o1,0,4,1,0,0,0,0,0,0,0
CNC(=C[N+](=O)[O-])NCCSCc1csc(CN(C)C)n1,0,4,1,0,0,0,0,0,0,0
CNC(=O)Oc1ccccc1OC(C)C,0,0,1,0,0,0,2,1,0,0
CNC(C)C(O)c1ccccc1,0,1,1,0,0,0,0,0,1,0
CNN,0,2,0,0,0,0,0,0,0,0
CN[C@@H](C)[C@H](O)c1ccccc1,0,1,1,0,0,0,0,0,1,0
CO,0,0,0,0,0,0,0,0,1,0
COC(=O)CCC(=O)OCC(=O)C1(O)CCC2C3CC=C4CC(=O)CCC4(C)C3C(O)CC21C,0,0,0,0,0,0,2,2,2,2
COC(=O)CCC(=O)OCC(=O)[C@@]1(O)CC[C@H]2[C@@H]3CCC4=CC(=O)CC[C@]4(C)[C@H]3[C@@H](O)C[C@@]21C,0,0,0,0,0,0,2,2,2,2
COC(=O)CCCCCC(=O)OCC(=O)C1(O)CCC2C3CC=C4CC(=O)CCC4(C)C3C(O)CC21C,0,0,0,0,0,0,2,2,2,2
COC(=O)CCCCCC(=O)OCC(=O)[C@@]1(O)CC[C@H]2[C@@H]3CCC4=CC(=O)CC[C@]4(C)[C@H]3[C@@H](O)C[C@@]21C,0,0,0,0,0,0,2,2,2,2
COC(=O)Cc1ccc(O)cc1,0,0,1,0,0,0,1,1,1,0
COC(=O)Nc1nc2ccccc2[nH]1,0,0,2,0,0,0,1,1,0,0
COC(=O)c1ccc(N)cc1,0,1,1,0,0,0,1,1,0,0
COC(=O)c1ccc(O)cc1,0,0,1,0,0,0,1,1,1,0
COC(=O)c1ccccc1C(=O)OC,0,0,1,0,0,0,2,2,0,0
COC(=O)c1ccccc1O,0,0,1,0,0,0,1,1,1,0
COC(=O)c1cccnc1,0,0,1,0,0,0,1,1,0,0
COC(C)=O,0,0,0,0,0,0,1,1,0,0
COC(C)COC(C)CO,0,0,0,0,0,0,2,0,1,0
COC1=CC(=O)CC(C)C12Oc1c(Cl)c(OC)cc(OC)c1C2=O,0,0,1,0,0,1,4,0,0,2
COC=O,0,0,0,0,0,0,1,1,0,0
COCC(C)O,0,0,0,0,0,0,1,0,1,0
COCC(C)OCC(C)O,0,0,0,0,0,0,2,0,1,0
COCCO,0,0,0,0,0,0,1,0,1,0
COCCOC(C)=O,0,0,0,0,0,0,2,1,0,0
COCCOCCO,0,0,0,0,0,0,2,0,1,0
COCCOCCOCCOC(=O)c1cccnc1,0,0,1,0,0,0,4,1,0,0
COCCc1ccc(OCC(O)CNC(C)C)cc1,0,1,1,0,0,0,2,0,1,0
COP(=O)(OC)OC=C(Cl)Cl,0,0,0,0,0,2,0,0,0,0
COS(C)(=O)=O,0,0,0,0,0,0,0,0,0,0
CO[C@@H]([C@H](O)[C@H](O)CO)[C@@H](O)C=O,0,0,0,0,0,0,1,0,4,0
COc1c2occc2cc2ccc(=O)oc12,0,0,3,0,0,0,1,0,0,0
COc1cc(C=O)ccc1O,0,0,1,0,0,0,1,0,1,0
COc1cc(OC)c2c(c1Cl)OC1(C2=O)C(C)CC(=O)CC1OC,0,0,1,0,0,1,4,0,0,2
COc1cc2c(c3oc(=O)c4c(c13)CCC4=O)[C@@H]1C=CO[C@@H]1O2,0,0,2,0,0,0,3,0,0,1
COc1ccc(O)cc1,0,0,1,0,0,0,1,0,1,0
COc1ccc2c(c1)c(CC(=O)O)c(C)n2C(=O)c1ccc(Cl)cc1,0,0,3,0,1,1,1,0,1,0
COc1ccc2c3c1OC1C(O)C=CC4C(C2)N(C)CCC341,0,1,1,0,0,0,2,0,1,0
COc1ccc2c3c1O[C@H]1C(=O)CC[C@@]4(O)[C@@H](C2)N(C)CC[C@]314,0,1,1,0,0,0,2,0,1,1
COc1ccc2c3c1O[C@H]1C(=O)CC[C@H]4[C@@H](C2)N(C)CC[C@]314,0,1,1,0,0,0,2,0,0,1
COc1ccc2c3c1O[C@H]1[C@@H](O)C=C[C@H]4[C@@H](C2)N(C)CC[C@@]341,0,1,1,0,0,0,2,0,1,0
COc1ccc2c3c1O[C@H]1[C@@H](O)CC[C@H]4[C@@H](C2)N(C)CC[C@@]341,0,1,1,0,0,0,2,0,1,0
COc1ccc2cc(C(C)C(=O)O)ccc2c1,0,0,2,0,1,0,1,0,1,0
COc1ccc2cc([C@H](C)C(=O)OC[C@H]3OC(O)[C@@H](O)[C@@H](O)[C@@H]3O)ccc2c1,0,0,2,0,0,0,3,1,4,0
COc1ccc2cc([C@H](C)C(=O)OC[C@H]3OC(O)[C@H](O)[C@@H](O)[C@@H]3O)ccc2c1,0,0,2,0,0,0,3,1,4,0
COc1cccc2cc([C@H](C)C(=O)O)ccc12,0,0,2,0,1,0,1,0,1,0
COc1ccccc1,0,0,1,0,0,0,1,0,0,0
COc1ccccc1N,0,1,1,0,0,0,1,0,0,0
CS(=O)(=O)Nc1ccc([N+](=O)[O-])cc1Oc1ccccc1,0,2,2,0,0,0,1,0,0,0
C[C@@H]1CC(=O)NN=C1c1ccc(NN=C(C#N)C#N)cc1,1,1,1,0,0,0,0,0,0,0
C[C@@H]1C[C@H]2[C@@H]3CCC4=CC(=O)C=C[C@]4(C)[C@@]3(F)[C@@H](O)C[C@]2(C)[C@@]1(O)C(=O)CO,0,0,0,0,0,0,0,0,3,2
C[C@@H]1Cc2c(Cl)cc(C(=O)N[C@@H](Cc3ccccc3)C(=O)O)c(O)c2C(=O)O1,1,0,2,0,1,1,1,1,2,0
C[C@@H]1O[C@@H](O[C@H]2C[C@@H](O)[C@]3(CO)C4C(CC[C@]3(O)C2)[C@@]2(O)CC[C@H](C3=CC(=O)OC3)[C@@]2(C)C[C@H]4O)[C@H](O)[C@H](O)[C@H]1O,0,0,0,0,0,0,3,1,8,0
C[C@@H]1O[C@@H](O[C@H]2C[C@@H](O)[C@]3(CO)[C@H]4[C@H](O)C[C@]5(C)[C@@H](C6=CC(=O)OC6)CC[C@]5(O)[C@@H]4CC[C@]3(O)C2)[C@H](O)[C@H](O)[C@H]1O,0,0,0,0,0,0,3,1,8,0
C[C@H](N)C(=O)N[C@@H](Cc1c[nH]c2ccccc12)C(=O)O,1,1,2,0,1,0,0,0,1,0
C[C@H]1CCCC(=O)CCC/C=C/c2cc(O)cc(O)c2C(=O)O1,0,0,1,0,0,0,1,1,2,1
C[C@H]1C[C@H]2[C@@H]3CCC4=CC(=O)C=C[C@]4(C)[C@@]3(F)[C@@H](O)C[C@]2(C)[C@@]1(O)C(=O)CO,0,0,0,0,0,0,0,0,3,2
C[C@H]1O[C@@H](O[C@H]2[C@@H](O)C[C@H](O[C@H]3[C@@H](O)C[C@H](O[C@H]4CC[C@@]5(C)[C@H](CC[C@@H]6[C@@H]5CC[C@]5(C)[C@@H](C7=CC(=O)OC7)CC[C@]65O)C4)O[C@@H]3C)O[C@@H]2C)C[C@H](O)[C@@H]1O,0,0,0,0,0,0,7,1,5,0
C[C@H]1O[C@@H](O[C@H]2[C@@H](O)C[C@H](O[C@H]3[C@@H](O)C[C@H](O[C@H]4CC[C@@]5(C)[C@H](CC[C@@H]6[C@@H]5CC[C@]5(C)[C@H](C7=CC(=O)OC7)CC[C@]65O)C4)O[C@@H]3C)O[C@@H]2C)C[C@H](O)[C@@H]1O,0,0,0,0,0,0,7,1,5,0
C[C@]12C=CC(=O)C=C1CC[C@@H]1[C@@H]2C(O)C[C@@]2(C)[C@H]1CC[C@]2(O)C(=O)CO,0,0,0,0,0,0,0,0,3,2
C[C@]12C=CC(=O)C=C1CC[C@@H]1[C@@H]2[C@@H](O)C[C@@]2(C)[C@H]1CC[C@]2(O)C(=O)CO,0,0,0,0,0,0,0,0,3,2
C[C@]12C=CC(=O)C=C1CC[C@H]1[C@@H]3C[C@@H](O)[C@](O)(C(=O)CO)[C@@]3(C)C[C@H](O)[C@@]12F,0,0,0,0,0,0,0,0,4,2
C[C@]12CCC(=O)C=C1CC[C@@H]1[C@@H]2C(=O)C[C@@]2(C)[C@H]1CC[C@]2(O)C(=O)CO,0,0,0,0,0,0,0,0,2,3
C[C@]12CCC(=O)C=C1CC[C@@H]1[C@@H]2CC[C@@]2(C)[C@H]1CC[C@]2(O)C(=O)CO,0,0,0,0,0,0,0,0,2,2
C[C@]12CCC(=O)C=C1CC[C@@H]1[C@@H]2[C@@H](O)C[C@@]2(C)[C@H]1CC[C@]2(O)C(=O)CO,0,0,0,0,0,0,0,0,3,2
C[C@]12CCC(=O)C=C1CC[C@@H]1[C@@H]2[C@@H](O)C[C@@]2(C)[C@H]1CC[C@]2(O)C(=O)COC(=O)CCC(=O)O,0,0,0,0,1,0,1,1,3,2
C[C@]12CCC(=O)C=C1CC[C@@H]1[C@@H]2[C@@H](O)C[C@@]2(C)[C@H]1CC[C@]2(O)C(=O)COC(=O)CCC(N)=O,1,0,0,0,0,0,1,1,2,2
C[C@]12CCC(=O)C=C1CC[C@@H]1[C@@H]2[C@@H](O)C[C@@]2(C)[C@H]1CC[C@]2(O)C(=O)COC(=O)CCCCCC(=O)O,0,0,0,0,1,0,1,1,3,2
C[C@]12CCC(=O)C=C1CC[C@@H]1[C@@H]2[C@@H](O)C[C@@]2(C)[C@H]1CC[C@]2(O)C(=O)COC(=O)CCCCCC(N)=O,1,0,0,0,0,0,1,1,2,2
C[C@]12CCC(=O)C=C1CC[C@@H]1[C@@H]2[C@@H](O)C[C@@]2(C)[C@H]1CC[C@]2(O)C(=O)COC(=O)CCCCCO,0,0,0,0,0,0,1,1,3,2
C[C@]12CCC(=O)C=C1CC[C@@H]1[C@@H]2[C@@H](O)C[C@]2(C=O)[C@@H](C(=O)CO)CC[C@@H]12,0,0,0,0,0,0,0,0,2,2
C[C@]12CCC(=O)C=C1CC[C@@H]1[C@@H]2[C@H](O)C[C@@]2(C)[C@H]1CC[C@]2(O)C(=O)CO,0,0,0,0,0,0,0,0,3,2
C[C@]12CC[C@@H]3c4ccc(O)cc4CC[C@H]3[C@@H]1CCC2=O,0,0,1,0,0,0,0,0,1,1
C[C@]12CC[C@@H]3c4ccc(O)cc4CC[C@H]3[C@@H]1CC[C@@H]2O,0,0,1,0,0,0,0,0,2,0
C[C@]12CC[C@@H]3c4ccc(O)cc4CC[C@H]3[C@@H]1C[C@@H](O)[C@@H]2O,0,0,1,0,0,0,0,0,3,0
C[C@]12CC[C@H]3[C@@H](CCC4=CC(=O)CC[C@@]43C)[C@@H]1CC[C@@H]2C(=O)CO,0,0,0,0,0,0,0,0,1,2
C[C@]12CC[C@H]3[C@@H](CCC4=CC(=O)CC[C@@]43C)[C@@H]1CC[C@@H]2O,0,0,0,0,0,0,0,0,1,1
C[C@]12C[C@H](O)[C@@]3(F)[C@@H](CCC4=CC(=O)C=C[C@@]43C)[C@@H]1CC[C@H]2C(=O)CO,0,0,0,0,0,0,0,0,2,2
C[C@]12C[C@H](O)[C@H]3[C@@H](CCC4=CC(=O)CC[C@@]43C)[C@@H]1CC[C@@H]2C(=O)CO,0,0,0,0,0,0,0,0,2,2
C[n+]1ccc(-c2cc[n+](C)cc2)cc1,0,0,2,0,0,0,0,0,0,0
Cc1c(N(C)C)c(=O)n(-c2ccccc2)n1C,0,1,2,0,0,0,0,0,0,0
Cc1c(O)cccc1Cl,0,0,1,0,0,1,0,0,1,0
Cc1cc(-c2cc(C)c(OCC3CO3)c(C)c2)cc(C)c1OCC1CO1,0,0,2,0,0,0,4,0,0,0
Cc1cc(C)cc(O)c1,0,0,1,0,0,0,0,0,1,0
Cc1cc(Cl)ccc1O,0,0,1,0,0,1,0,0,1,0
Cc1cc(N)ccc1N,0,2,1,0,0,0,0,0,0,0
Cc1cc(O)cc(C)c1Cl,0,0,1,0,0,1,0,0,1,0
Cc1cc(O)ccc1Cl,0,0,1,0,0,1,0,0,1,0
Cc1ccc(C#N)cc1,0,0,1,0,0,0,0,0,0,0
Cc1ccc(C(C)C)c(O)c1,0,0,1,0,0,0,0,0,1,0
Cc1ccc(C(C)C)cc1O,0,0,1,0,0,0,0,0,1,0
Cc1ccc(C)cc1,0,0,1,0,0,0,0,0,0,0
Cc1ccc(Cl)c(O)c1C,0,0,1,0,0,1,0,0,1,0
Cc1ccc(Cl)cc1O,0,0,1,0,0,1,0,0,1,0
Cc1ccc(N)c(C)c1,0,1,1,0,0,0,0,0,0,0
Cc1ccc(N)cc1,0,1,1,0,0,0,0,0,0,0
Cc1ccc(O)cc1,0,0,1,0,0,0,0,0,1,0
Cc1ccc(O)cc1C,0,0,1,0,0,0,0,0,1,0
Cc1ccc([N+](=O)[O-])cc1,0,1,1,0,0,0,0,0,0,0
Cc1ccc([N+](=O)[O-])cc1[N+](=O)[O-],0,2,1,0,0,0,0,0,0,0
Cc1ccc2oc(=O)ccc2c1,0,0,2,0,0,0,0,0,0,0
Cc1cccc(C(=O)O)c1O,0,0,1,0,1,0,0,0,2,0
Cc1cccc(C)c1,0,0,1,0,0,0,0,0,0,0
Cc1cccc(CO)c1,0,0,1,0,0,0,0,0,1,0
Cc1cccc(N)c1,0,1,1,0,0,0,0,0,0,0
Cc1cccc(O)c1,0,0,1,0,0,0,0,0,1,0
Cc1cccc([N+](=O)[O-])c1,0,1,1,0,0,0,0,0,0,0
Cc1ccccc1,0,0,1,0,0,0,0,0,0,0
Cc1ccccc1Cl,0,0,1,0,0,1,0,0,0,0
Cc1ccccc1O,0,0,1,0,0,0,0,0,1,0
Cc1ccccc1OCC1CO1,0,0,1,0,0,0,2,0,0,0
Cc1ccccc1[N+](=O)[O-],0,1,1,0,0,0,0,0,0,0
Cl/C=C/CCl,0,0,0,0,0,2,0,0,0,0
Cl/C=C/Cl,0,0,0,0,0,2,0,0,0,0
ClC(Br)Br,0,0,0,2,0,1,0,0,0,0
ClC(Cl)(Cl)C(Cl)(Cl)Cl,0,0,0,0,0,6,0,0,0,0
ClC(Cl)=C(Cl)C(Cl)=C(Cl)Cl,0,0,0,0,0,6,0,0,0,0
ClC(Cl)=C(Cl)Cl,0,0,0,0,0,4,0,0,0,0
ClC(Cl)Br,0,0,0,1,0,2,0,0,0,0
ClC(Cl)Cl,0,0,0,0,0,3,0,0,0,0
ClC1C(Cl)C(Cl)C(Cl)C(Cl)C1Cl,0,0,0,0,0,6,0,0,0,0
ClC=C(Cl)Cl,0,0,0,0,0,3,0,0,0,0
ClC=CCCl,0,0,0,0,0,2,0,0,0,0
ClCC(Cl)CCl,0,0,0,0,0,3,0,0,0,0
ClCC1CO1,0,0,0,0,0,1,1,0,0,0
ClCCCl,0,0,0,0,0,2,0,0,0,0
ClCc1ccccc1,0,0,1,0,0,1,0,0,0,0
Clc1ccc(COC(Cn2ccnc2)c2ccc(Cl)cc2Cl)c(Cl)c1,0,0,3,0,0,4,1,0,0,0
Clc1ccc(Cl)cc1,0,0,1,0,0,2,0,0,0,0
Clc1ccccc1,0,0,1,0,0,1,0,0,0,0
Clc1ccccc1C(c1ccccc1)(c1ccccc1)n1ccnc1,0,0,4,0,0,1,0,0,0,0
Clc1ccccc1Cl,0,0,1,0,0,2,0,0,0,0
Cn1c(=O)c2[nH]cnc2n(C)c1=O,0,0,2,0,0,0,0,0,0,0
Cn1c(N)nc2c3cccnc3ccc21,0,1,3,0,0,0,0,0,0,0
N#CC(Br)Br,0,0,0,2,0,0,0,0,0,0
N#CC(Cl)(Cl)Cl,0,0,0,0,0,3,0,0,0,0
N#CC(Cl)Br,0,0,0,1,0,1,0,0,0,0
N#CC(Cl)Cl,0,0,0,0,0,2,0,0,0,0
N#CCCl,0,0,0,0,0,1,0,0,0,0
N#Cc1ccc(O)cc1,0,0,1,0,0,0,0,0,1,0
N#Cc1cccc(C#N)c1,0,0,1,0,0,0,0,0,0,0
N=c1nc(N2CCCCC2)cc(N)n1O,0,2,1,0,0,0,0,0,1,0
NC(=O)Cc1ccc(O)cc1,1,0,1,0,0,0,0,0,1,0
NC(=O)c1cccnc1,1,0,1,0,0,0,0,0,0,0
NC(CC(=O)O)C(=O)O,0,1,0,0,2,0,0,0,2,0
NC(N)=Nc1nc(CSCC/C(N)=N\S(N)(=O)=O)cs1,0,4,1,0,0,0,0,0,0,0
NC(N)=Nc1nc(CSCCC(N)=NS(N)(=O)=O)cs1,0,4,1,0,0,0,0,0,0,0
NC(N)=O,0,0,0,0,0,0,0,0,0,0
NC=O,0,0,0,0,0,0,0,0,0,0
NCC(=O)CCC(=O)O,0,1,0,0,1,0,0,0,1,1
NCCCC[C@H](N)C(=O)O,0,2,0,0,1,0,0,0,1,0
NCCO,0,1,0,0,0,0,0,0,1,0
NNc1ccccc1,0,2,1,0,0,0,0,0,0,0
N[C@@H](CC(=O)O)C(=O)O,0,1,0,0,2,0,0,0,2,0
N[C@@H](Cc1c[nH]cn1)C(=O)O,0,1,1,0,1,0,0,0,1,0
Nc1cc([N+](=O)[O-])ccc1O,0,2,1,0,0,0,0,0,1,0
Nc1ccc(Cc2ccc(N)cc2)cc1,0,2,2,0,0,0,0,0,0,0
Nc1ccc(Cl)c(N)c1,0,2,1,0,0,1,0,0,0,0
Nc1ccc(Cl)cc1,0,1,1,0,0,1,0,0,0,0
Nc1ccc(N)c([N+](=O)[O-])c1,0,3,1,0,0,0,0,0,0,0
Nc1ccc(N)cc1,0,2,1,0,0,0,0,0,0,0
Nc1ccc(NCCO)c([N+](=O)[O-])c1,0,3,1,0,0,0,0,0,1,0
Nc1ccc(O)c([N+](=O)[O-])c1,0,2,1,0,0,0,0,0,1,0
Nc1ccc(O)cc1,0,1,1,0,0,0,0,0,1,0
Nc1ccc(O)cc1[N+](=O)[O-],0,2,1,0,0,0,0,0,1,0
Nc1ccc([N+](=O)[O-])cc1,0,2,1,0,0,0,0,0,0,0
Nc1ccc([N+](=O)[O-])cc1N,0,3,1,0,0,0,0,0,0,0
Nc1ccccc1,0,1,1,0,0,0,0,0,0,0
Nc1ccccc1N,0,2,1,0,0,0,0,0,0,0
Nc1ccn([C@@H]2O[C@H](CO)[C@@H](O)[C@@H]2O)c(=O)n1,0,1,1,0,0,0,1,0,3,0
Nc1nc(=O)c2ncn(COCCO)c2[nH]1,0,1,2,0,0,0,1,0,1,0
Nc1nc[nH]n1,0,1,1,0,0,0,0,0,0,0
O,0,0,0,0,0,0,0,0,0,0
O=C(CCCN1CCC(O)(c2ccc(Cl)cc2)CC1)c1ccc(F)cc1,0,1,2,0,0,1,0,0,1,1
O=C(CCl)c1ccc(Cl)cc1,0,0,1,0,0,2,0,0,0,1
O=C(CCl)c1ccccc1,0,0,1,0,0,1,0,0,0,1
O=C(NCCO[N+](=O)[O-])c1cccnc1,1,1,1,0,0,0,0,0,0,0
O=C(O)/C=C/c1ccccc1,0,0,1,0,1,0,0,0,1,0
O=C(O)C(Br)Br,0,0,0,2,1,0,0,0,1,0
O=C(O)C(Cl)(Cl)Cl,0,0,0,0,1,3,0,0,1,0
O=C(O)C(Cl)Br,0,0,0,1,1,1,0,0,1,0
O=C(O)C(Cl)Cl,0,0,0,0,1,2,0,0,1,0
O=C(O)C(F)(F)C(F)(F)C(F)(F)C(F)(F)C(F)(F)C(F)(F)C(F)(F)F,0,0,0,0,1,0,0,0,1,0
O=C(O)CBr,0,0,0,1,1,0,0,0,1,0
O=C(O)CCCCl,0,0,0,0,1,1,0,0,1,0
O=C(O)CCl,0,0,0,0,1,1,0,0,1,0
O=C(O)CN(CC(=O)O)Cc1cc2c(cc1O)Oc1cc(O)c(CN(CC(=O)O)CC(=O)O)cc1C21OC(=O)c2ccccc21,0,2,3,0,4,0,2,1,6,0
O=C(O)CNCP(=O)(O)O,0,1,0,0,1,0,0,0,3,0
O=C(O)CS,0,0,0,0,1,0,0,0,1,0
O=C(O)Cc1ccc(O)cc1,0,0,1,0,1,0,0,0,2,0
O=C(O)Cc1ccccc1Nc1c(Cl)cccc1Cl,0,1,2,0,1,2,0,0,1,0
O=C(O)c1ccccc1,0,0,1,0,1,0,0,0,1,0
O=C(O)c1ccccc1Nc1cccc(C(F)(F)F)c1,0,1,2,0,1,0,0,0,1,0
O=C(O)c1ccccc1O,0,0,1,0,1,0,0,0,2,0
O=C(O)c1ccccc1[O-],0,0,1,0,1,0,0,0,1,0
O=C(O)c1ccncc1,0,0,1,0,1,0,0,0,1,0
O=C(OCCOCCOCCO)c1cccnc1,0,0,1,0,0,0,3,1,1,0
O=C(OCc1ccccc1)c1cccnc1,0,0,2,0,0,0,1,1,0,0
O=C(c1ccccc1)c1ccc2n1CCC2C(=O)O,0,0,2,0,1,0,0,0,1,1
O=C(c1ccccc1)c1ccccc1,0,0,2,0,0,0,0,0,0,1
O=C/C=C/c1ccccc1,0,0,1,0,0,0,0,0,0,0
O=C1CCCCC1,0,0,0,0,0,0,0,0,0,1
O=C1CC[C@@]2(O)[C@H]3Cc4ccc(O)c5c4[C@@]2(CCN3CC2CC2)[C@H]1O5,0,1,1,0,0,0,1,0,2,1
O=C=Nc1ccc(Br)cc1,0,0,1,1,0,0,0,0,0,0
O=CO,0,0,0,0,1,0,0,0,1,0
O=NN(CCO)CCO,0,1,0,0,0,0,0,0,2,0
O=S(=O)(c1ccc(O)cc1)c1ccc(O)cc1,0,0,2,0,0,0,0,0,2,0
O=[N+]([O-])OCC(CO[N+](=O)[O-])O[N+](=O)[O-],0,3,0,0,0,0,0,0,0,0
O=[N+]([O-])OCC(O)CO,0,1,0,0,0,0,0,0,2,0
O=[N+]([O-])O[C@@H]1CO[C@H]2[C@@H]1OC[C@@H]2O,0,1,0,0,0,0,2,0,1,0
O=[N+]([O-])O[C@H]1CO[C@H]2[C@@H]1OC[C@H]2O[N+](=O)[O-],0,2,0,0,0,0,2,0,0,0
O=[N+]([O-])c1ccc(Cl)c([N+](=O)[O-])c1,0,2,1,0,0,1,0,0,0,0
O=[N+]([O-])c1ccc(Cl)cc1,0,1,1,0,0,1,0,0,0,0
O=[N+]([O-])c1ccc(O)cc1,0,1,1,0,0,0,0,0,1,0
O=[N+]([O-])c1ccc([N+](=O)[O-])cc1,0,2,1,0,0,0,0,0,0,0
O=[N+]([O-])c1cccc(O)c1,0,1,1,0,0,0,0,0,1,0
O=[N+]([O-])c1cccc([N+](=O)[O-])c1,0,2,1,0,0,0,0,0,0,0
O=[N+]([O-])c1ccccc1,0,1,1,0,0,0,0,0,0,0
O=[N+]([O-])c1ccccc1[N+](=O)[O-],0,2,1,0,0,0,0,0,0,0
O=c1[nH]cc(F)c(=O)[nH]1,0,0,1,0,0,0,0,0,0,0
O=c1ccc2ccccc2o1,0,0,2,0,0,0,0,0,0,0
OB(O)O,0,0,0,0,0,0,0,0,3,0
OC(O)C(Cl)(Cl)Cl,0,0,0,0,0,3,0,0,2,0
OC/C=C/c1ccccc1,0,0,1,0,0,0,0,0,1,0
OC1CCCCC1,0,0,0,0,0,0,0,0,1,0
OCC(O)C(O)C(O)C(O)CO,0,0,0,0,0,0,0,0,6,0
OCC(O)CO,0,0,0,0,0,0,0,0,3,0
OCCCCCCc1ccccc1,0,0,1,0,0,0,0,0,1,0
OCCCCCc1ccccc1,0,0,1,0,0,0,0,0,1,0
OCCCCc1ccccc1,0,0,1,0,0,0,0,0,1,0
OCCCc1ccccc1,0,0,1,0,0,0,0,0,1,0
OCCNCCO,0,1,0,0,0,0,0,0,2,0
OCCO,0,0,0,0,0,0,0,0,2,0
OCCOc1ccccc1,0,0,1,0,0,0,1,0,1,0
OCCc1ccccc1,0,0,1,0,0,0,0,0,1,0
OC[C@@H](O)[C@@H](O)[C@H](O)[C@H](O)CO,0,0,0,0,0,0,0,0,6,0
OC[C@H]1O[C@@](CO)(O[C@H]2O[C@H](CO)[C@@H](O)[C@H](O)[C@H]2O)[C@@H](O)[C@@H]1O,0,0,0,0,0,0,3,0,8,0
OC[C@H]1O[C@H](OC[C@H]2O[C@H](O[C@]3(CO)O[C@H](CO)[C@@H](O)[C@@H]3O)[C@H](O)[C@@H](O)[C@@H]2O)[C@H](O)[C@@H](O)[C@H]1O,0,0,0,0,0,0,5,0,11,0
OCc1ccc(O)cc1,0,0,1,0,0,0,0,0,2,0
OCc1ccccc1,0,0,1,0,0,0,0,0,1,0
Oc1c(Cl)cc(Cl)cc1Cl,0,0,1,0,0,3,0,0,1,0
Oc1cc(Cl)ccc1Oc1ccc(Cl)cc1Cl,0,0,2,0,0,3,1,0,1,0
Oc1cc(O)cc(O)c1,0,0,1,0,0,0,0,0,3,0
Oc1ccc(Br)cc1,0,0,1,1,0,0,0,0,1,0
Oc1ccc(Cl)cc1,0,0,1,0,0,1,0,0,1,0
Oc1ccc(Cl)cc1Cl,0,0,1,0,0,2,0,0,1,0
Oc1ccc(F)cc1,0,0,1,0,0,0,0,0,1,0
Oc1ccc(O)c(O)c1,0,0,1,0,0,0,0,0,3,0
Oc1ccc(O)cc1,0,0,1,0,0,0,0,0,2,0
Oc1ccc2ccccc2c1,0,0,2,0,0,0,0,0,1,0
Oc1cccc(Br)c1,0,0,1,1,0,0,0,0,1,0
Oc1cccc(O)c1,0,0,1,0,0,0,0,0,2,0
Oc1cccc(O)c1O,0,0,1,0,0,0,0,0,3,0
Oc1cccc2ccccc12,0,0,2,0,0,0,0,0,1,0
Oc1ccccc1,0,0,1,0,0,0,0,0,1,0
Oc1ccccc1-c1ccccc1,0,0,2,0,0,0,0,0,1,0
Oc1ccccc1Cl,0,0,1,0,0,1,0,0,1,0
Oc1ccccc1O,0,0,1,0,0,0,0,0,2,0
S=C=S,0,0,0,0,0,0,0,0,0,0
[3H]O[3H],0,0,0,0,0,0,0,0,0,0
c1ccc(-c2ccccc2)cc1,0,0,2,0,0,0,0,0,0,0
c1ccc(C(OC(c2ccccc2)C2CO2)C2CO2)cc1,0,0,2,0,0,0,3,0,0,0
c1ccc(Nc2ccccc2)cc1,0,1,2,0,0,0,0,0,0,0
c1ccc(OCC2CO2)cc1,0,0,1,0,0,0,2,0,0,0
c1ccc2ccccc2c1,0,0,2,0,0,0,0,0,0,0
c1ccc2cnccc2c1,0,0,2,0,0,0,0,0,0,0
c1ccccc1,0,0,1,0,0,0,0,0,0,0
c1ccncc1,0,0,1,0,0,0,0,0,0,0
